accfile,sup,type,assembly,date,url,output_type,biol_reps,acc,best_samps,dateMax,tissue,GENEID,SYMBOL
ENCFF128BDG,FALSE,bed narrowPeak,GRCh38,2018-12-03,https://www.encodeproject.org/files/ENCFF128BDG/@@download/ENCFF128BDG.bed.gz,peaks,1_2,ENCSR825SVO,1_2,2018-12-03,K562,ENSG00000090861,AARS
ENCFF941GJK,FALSE,bed narrowPeak,GRCh38,2018-12-03,https://www.encodeproject.org/files/ENCFF941GJK/@@download/ENCFF941GJK.bed.gz,peaks,1_2,ENCSR089BXO,1_2,2018-12-03,K562,ENSG00000204574,ABCF1
ENCFF992LCW,FALSE,bed narrowPeak,GRCh38,2018-12-03,https://www.encodeproject.org/files/ENCFF992LCW/@@download/ENCFF992LCW.bed.gz,peaks,1_2,ENCSR543TPH,1_2,2018-12-03,HepG2,ENSG00000164252,AGGF1
ENCFF810NKV,FALSE,bed narrowPeak,GRCh38,2018-12-03,https://www.encodeproject.org/files/ENCFF810NKV/@@download/ENCFF810NKV.bed.gz,peaks,1_2,ENCSR725ARB,1_2,2018-12-03,K562,ENSG00000164252,AGGF1
ENCFF749IUB,FALSE,bed narrowPeak,GRCh38,2018-12-03,https://www.encodeproject.org/files/ENCFF749IUB/@@download/ENCFF749IUB.bed.gz,peaks,1_2,ENCSR356ZMO,1_2,2018-12-03,HepG2,ENSG00000121057,AKAP1
ENCFF033EFV,FALSE,bed narrowPeak,GRCh38,2018-12-03,https://www.encodeproject.org/files/ENCFF033EFV/@@download/ENCFF033EFV.bed.gz,peaks,1_2,ENCSR177QQY,1_2,2018-12-03,K562,ENSG00000121057,AKAP1
ENCFF205UTG,FALSE,bed narrowPeak,GRCh38,2018-12-03,https://www.encodeproject.org/files/ENCFF205UTG/@@download/ENCFF205UTG.bed.gz,peaks,1_2,ENCSR206RXT,1_2,2018-12-03,K562,ENSG00000011243,AKAP8L
ENCFF472CCL,FALSE,bed narrowPeak,GRCh38,2018-12-03,https://www.encodeproject.org/files/ENCFF472CCL/@@download/ENCFF472CCL.bed.gz,peaks,1_2,ENCSR739VVT,1_2,2018-12-03,K562,ENSG00000244509,APOBEC3C
ENCFF323PUC,FALSE,bed narrowPeak,GRCh38,2018-12-03,https://www.encodeproject.org/files/ENCFF323PUC/@@download/ENCFF323PUC.bed.gz,peaks,1_2,ENCSR018WPY,1_2,2018-12-03,HepG2,ENSG00000021776,AQR
ENCFF949QGM,FALSE,bed narrowPeak,GRCh38,2018-12-03,https://www.encodeproject.org/files/ENCFF949QGM/@@download/ENCFF949QGM.bed.gz,peaks,1_2,ENCSR606BPV,1_2,2018-12-03,K562,ENSG00000021776,AQR
ENCFF134LIU,FALSE,bed narrowPeak,GRCh38,2018-12-03,https://www.encodeproject.org/files/ENCFF134LIU/@@download/ENCFF134LIU.bed.gz,peaks,1_2,ENCSR485QCG,1_2,2018-12-03,HepG2,ENSG00000107949,BCCIP
ENCFF810EUA,FALSE,bed narrowPeak,GRCh38,2018-12-03,https://www.encodeproject.org/files/ENCFF810EUA/@@download/ENCFF810EUA.bed.gz,peaks,1_2,ENCSR876EYA,1_2,2018-12-03,HepG2,ENSG00000029363,BCLAF1
ENCFF011NAP,FALSE,bed narrowPeak,GRCh38,2018-12-03,https://www.encodeproject.org/files/ENCFF011NAP/@@download/ENCFF011NAP.bed.gz,peaks,1_2,ENCSR830BSQ,1_2,2018-12-03,HepG2,ENSG00000137656,BUD13
ENCFF262ILV,FALSE,bed narrowPeak,GRCh38,2018-12-03,https://www.encodeproject.org/files/ENCFF262ILV/@@download/ENCFF262ILV.bed.gz,peaks,1_2,ENCSR663WES,1_2,2018-12-03,K562,ENSG00000137656,BUD13
ENCFF027MEO,FALSE,bed narrowPeak,GRCh38,2018-12-03,https://www.encodeproject.org/files/ENCFF027MEO/@@download/ENCFF027MEO.bed.gz,peaks,1_2,ENCSR815VVI,1_2,2018-12-03,HepG2,ENSG00000168438,CDC40
ENCFF665BGJ,FALSE,bed narrowPeak,GRCh38,2018-12-03,https://www.encodeproject.org/files/ENCFF665BGJ/@@download/ENCFF665BGJ.bed.gz,peaks,1_2,ENCSR046JHH,1_2,2018-12-03,K562,ENSG00000113742,CPEB4
ENCFF635NZZ,FALSE,bed narrowPeak,GRCh38,2018-12-03,https://www.encodeproject.org/files/ENCFF635NZZ/@@download/ENCFF635NZZ.bed.gz,peaks,1_2,ENCSR532VUB,1_2,2018-12-03,K562,ENSG00000111605,CPSF6
ENCFF349SVY,FALSE,bed narrowPeak,GRCh38,2018-12-03,https://www.encodeproject.org/files/ENCFF349SVY/@@download/ENCFF349SVY.bed.gz,peaks,1_2,ENCSR384MWO,1_2,2018-12-03,HepG2,ENSG00000101811,CSTF2
ENCFF141DOI,FALSE,bed narrowPeak,GRCh38,2018-12-03,https://www.encodeproject.org/files/ENCFF141DOI/@@download/ENCFF141DOI.bed.gz,peaks,1_2,ENCSR919HSE,1_2,2018-12-03,HepG2,ENSG00000177613,CSTF2T
ENCFF878VVA,FALSE,bed narrowPeak,GRCh38,2018-12-03,https://www.encodeproject.org/files/ENCFF878VVA/@@download/ENCFF878VVA.bed.gz,peaks,1_2,ENCSR840DRD,1_2,2018-12-03,K562,ENSG00000177613,CSTF2T
ENCFF378OYA,FALSE,bed narrowPeak,GRCh38,2018-12-03,https://www.encodeproject.org/files/ENCFF378OYA/@@download/ENCFF378OYA.bed.gz,peaks,1_2,ENCSR040QLV,1_2,2018-12-03,K562,ENSG00000165732,DDX21
ENCFF537KWB,FALSE,bed narrowPeak,GRCh38,2018-12-03,https://www.encodeproject.org/files/ENCFF537KWB/@@download/ENCFF537KWB.bed.gz,peaks,1_2,ENCSR999WKT,1_2,2018-12-03,K562,ENSG00000089737,DDX24
ENCFF087MAJ,FALSE,bed narrowPeak,GRCh38,2018-12-03,https://www.encodeproject.org/files/ENCFF087MAJ/@@download/ENCFF087MAJ.bed.gz,peaks,1_2,ENCSR930BZL,1_2,2018-12-03,K562,ENSG00000215301,DDX3X
ENCFF777NMK,FALSE,bed narrowPeak,GRCh38,2018-12-03,https://www.encodeproject.org/files/ENCFF777NMK/@@download/ENCFF777NMK.bed.gz,peaks,1_2,ENCSR648LAH,1_2,2018-12-03,HepG2,ENSG00000215301,DDX3X
ENCFF399GGH,FALSE,bed narrowPeak,GRCh38,2018-12-03,https://www.encodeproject.org/files/ENCFF399GGH/@@download/ENCFF399GGH.bed.gz,peaks,1_2,ENCSR576SHT,1_2,2018-12-03,K562,ENSG00000198231,DDX42
ENCFF799ERK,FALSE,bed narrowPeak,GRCh38,2018-12-03,https://www.encodeproject.org/files/ENCFF799ERK/@@download/ENCFF799ERK.bed.gz,peaks,1_2,ENCSR145NLR,1_2,2018-12-03,K562,ENSG00000185163,DDX51
ENCFF797QRS,FALSE,bed narrowPeak,GRCh38,2018-12-03,https://www.encodeproject.org/files/ENCFF797QRS/@@download/ENCFF797QRS.bed.gz,peaks,1_2,ENCSR845VGB,1_2,2018-12-03,HepG2,ENSG00000111364,DDX55
ENCFF462WAI,FALSE,bed narrowPeak,GRCh38,2018-12-03,https://www.encodeproject.org/files/ENCFF462WAI/@@download/ENCFF462WAI.bed.gz,peaks,1_2,ENCSR923NKN,1_2,2018-12-03,K562,ENSG00000111364,DDX55
ENCFF899AWZ,FALSE,bed narrowPeak,GRCh38,2018-12-03,https://www.encodeproject.org/files/ENCFF899AWZ/@@download/ENCFF899AWZ.bed.gz,peaks,1_2,ENCSR214BZA,1_2,2018-12-03,HepG2,ENSG00000118197,DDX59
ENCFF614NUP,FALSE,bed narrowPeak,GRCh38,2018-12-03,https://www.encodeproject.org/files/ENCFF614NUP/@@download/ENCFF614NUP.bed.gz,peaks,1_2,ENCSR141OIM,1_2,2018-12-03,HepG2,ENSG00000110367,DDX6
ENCFF904KTV,FALSE,bed narrowPeak,GRCh38,2018-12-03,https://www.encodeproject.org/files/ENCFF904KTV/@@download/ENCFF904KTV.bed.gz,peaks,1_2,ENCSR893EFU,1_2,2018-12-03,K562,ENSG00000110367,DDX6
ENCFF023YVD,FALSE,bed narrowPeak,GRCh38,2018-12-03,https://www.encodeproject.org/files/ENCFF023YVD/@@download/ENCFF023YVD.bed.gz,peaks,1_2,ENCSR947JVR,1_2,2018-12-03,K562,ENSG00000128191,DGCR8
ENCFF193URO,FALSE,bed narrowPeak,GRCh38,2018-12-03,https://www.encodeproject.org/files/ENCFF193URO/@@download/ENCFF193URO.bed.gz,peaks,1_2,ENCSR061SZV,1_2,2018-12-03,HepG2,ENSG00000128191,DGCR8
ENCFF663QIZ,FALSE,bed narrowPeak,GRCh38,2018-12-03,https://www.encodeproject.org/files/ENCFF663QIZ/@@download/ENCFF663QIZ.bed.gz,peaks,1_2,ENCSR565DGW,1_2,2018-12-03,HepG2,ENSG00000132153,DHX30
ENCFF128AKC,FALSE,bed narrowPeak,GRCh38,2018-12-03,https://www.encodeproject.org/files/ENCFF128AKC/@@download/ENCFF128AKC.bed.gz,peaks,1_2,ENCSR529GSJ,1_2,2018-12-03,K562,ENSG00000132153,DHX30
ENCFF633LQC,FALSE,bed narrowPeak,GRCh38,2018-12-03,https://www.encodeproject.org/files/ENCFF633LQC/@@download/ENCFF633LQC.bed.gz,peaks,1_2,ENCSR301TFY,1_2,2018-12-03,HepG2,ENSG00000130826,DKC1
ENCFF854BHP,FALSE,bed narrowPeak,GRCh38,2018-12-03,https://www.encodeproject.org/files/ENCFF854BHP/@@download/ENCFF854BHP.bed.gz,peaks,1_2,ENCSR834YLD,1_2,2018-12-03,HepG2,ENSG00000113360,DROSHA
ENCFF797BHU,FALSE,bed narrowPeak,GRCh38,2018-12-03,https://www.encodeproject.org/files/ENCFF797BHU/@@download/ENCFF797BHU.bed.gz,peaks,1_2,ENCSR653HQC,1_2,2018-12-03,K562,ENSG00000113360,DROSHA
ENCFF796RMF,FALSE,bed narrowPeak,GRCh38,2018-12-03,https://www.encodeproject.org/files/ENCFF796RMF/@@download/ENCFF796RMF.bed.gz,peaks,1_2,ENCSR527DXF,1_2,2018-12-03,HepG2,ENSG00000108883,EFTUD2
ENCFF862ZPV,FALSE,bed narrowPeak,GRCh38,2018-12-03,https://www.encodeproject.org/files/ENCFF862ZPV/@@download/ENCFF862ZPV.bed.gz,peaks,1_2,ENCSR844RVX,1_2,2018-12-03,K562,ENSG00000108883,EFTUD2
ENCFF056UAW,FALSE,bed narrowPeak,GRCh38,2018-12-03,https://www.encodeproject.org/files/ENCFF056UAW/@@download/ENCFF056UAW.bed.gz,peaks,1_2,ENCSR041NUV,1_2,2018-12-03,HepG2,ENSG00000100353,EIF3D
ENCFF634UAC,FALSE,bed narrowPeak,GRCh38,2018-12-03,https://www.encodeproject.org/files/ENCFF634UAC/@@download/ENCFF634UAC.bed.gz,peaks,1_2,ENCSR023PKW,1_2,2018-12-03,K562,ENSG00000130811,EIF3G
ENCFF813JIK,FALSE,bed narrowPeak,GRCh38,2018-12-03,https://www.encodeproject.org/files/ENCFF813JIK/@@download/ENCFF813JIK.bed.gz,peaks,1_2,ENCSR916XIV,1_2,2018-12-03,HepG2,ENSG00000147677,EIF3H
ENCFF207BXK,FALSE,bed narrowPeak,GRCh38,2018-12-03,https://www.encodeproject.org/files/ENCFF207BXK/@@download/ENCFF207BXK.bed.gz,peaks,1_2,ENCSR307YIW,1_2,2018-12-03,K562,ENSG00000110321,EIF4G2
ENCFF607ZRF,FALSE,bed narrowPeak,GRCh38,2018-12-03,https://www.encodeproject.org/files/ENCFF607ZRF/@@download/ENCFF607ZRF.bed.gz,peaks,1_2,ENCSR887LPK,1_2,2018-12-03,K562,ENSG00000182944,EWSR1
ENCFF862EKD,FALSE,bed narrowPeak,GRCh38,2018-12-03,https://www.encodeproject.org/files/ENCFF862EKD/@@download/ENCFF862EKD.bed.gz,peaks,1_2,ENCSR693JWP,1_2,2018-12-03,HepG2,ENSG00000077348,EXOSC5
ENCFF858CSS,FALSE,bed narrowPeak,GRCh38,2018-12-03,https://www.encodeproject.org/files/ENCFF858CSS/@@download/ENCFF858CSS.bed.gz,peaks,1_2,ENCSR013CTQ,1_2,2018-12-03,K562,ENSG00000077348,EXOSC5
ENCFF208ZMI,FALSE,bed narrowPeak,GRCh38,2018-12-03,https://www.encodeproject.org/files/ENCFF208ZMI/@@download/ENCFF208ZMI.bed.gz,peaks,1_2,ENCSR987NYS,1_2,2018-12-03,HepG2,ENSG00000048828,FAM120A
ENCFF158AOV,FALSE,bed narrowPeak,GRCh38,2018-12-03,https://www.encodeproject.org/files/ENCFF158AOV/@@download/ENCFF158AOV.bed.gz,peaks,1_2,ENCSR006OEQ,1_2,2018-12-03,K562,ENSG00000048828,FAM120A
ENCFF498IGK,FALSE,bed narrowPeak,GRCh38,2018-12-03,https://www.encodeproject.org/files/ENCFF498IGK/@@download/ENCFF498IGK.bed.gz,peaks,1_2,ENCSR023UHL,1_2,2018-12-03,HepG2,ENSG00000118246,FASTKD2
ENCFF423SOR,FALSE,bed narrowPeak,GRCh38,2018-12-03,https://www.encodeproject.org/files/ENCFF423SOR/@@download/ENCFF423SOR.bed.gz,peaks,1_2,ENCSR887FHF,1_2,2018-12-03,K562,ENSG00000118246,FASTKD2
ENCFF957AOZ,FALSE,bed narrowPeak,GRCh38,2018-12-03,https://www.encodeproject.org/files/ENCFF957AOZ/@@download/ENCFF957AOZ.bed.gz,peaks,1_2,ENCSR018ZUE,1_2,2018-12-03,HepG2,ENSG00000004478,FKBP4
ENCFF480NUZ,FALSE,bed narrowPeak,GRCh38,2018-12-03,https://www.encodeproject.org/files/ENCFF480NUZ/@@download/ENCFF480NUZ.bed.gz,peaks,1_2,ENCSR331VNX,1_2,2018-12-03,K562,ENSG00000102081,FMR1
ENCFF351ZDU,FALSE,bed narrowPeak,GRCh38,2018-12-03,https://www.encodeproject.org/files/ENCFF351ZDU/@@download/ENCFF351ZDU.bed.gz,peaks,1_2,ENCSR903PRV,1_2,2018-12-03,HepG2,ENSG00000140718,FTO
ENCFF924OVC,FALSE,bed narrowPeak,GRCh38,2018-12-03,https://www.encodeproject.org/files/ENCFF924OVC/@@download/ENCFF924OVC.bed.gz,peaks,1_2,ENCSR989SMC,1_2,2018-12-03,K562,ENSG00000140718,FTO
ENCFF466UMQ,FALSE,bed narrowPeak,GRCh38,2018-12-03,https://www.encodeproject.org/files/ENCFF466UMQ/@@download/ENCFF466UMQ.bed.gz,peaks,1_2,ENCSR486YGP,1_2,2018-12-03,HepG2,ENSG00000107164,FUBP3
ENCFF972DFZ,FALSE,bed narrowPeak,GRCh38,2018-12-03,https://www.encodeproject.org/files/ENCFF972DFZ/@@download/ENCFF972DFZ.bed.gz,peaks,1_2,ENCSR464OSH,1_2,2018-12-03,HepG2,ENSG00000089280,FUS
ENCFF861KMV,FALSE,bed narrowPeak,GRCh38,2018-12-03,https://www.encodeproject.org/files/ENCFF861KMV/@@download/ENCFF861KMV.bed.gz,peaks,1_2,ENCSR069EVH,1_2,2018-12-03,K562,ENSG00000089280,FUS
ENCFF366UJP,FALSE,bed narrowPeak,GRCh38,2018-12-03,https://www.encodeproject.org/files/ENCFF366UJP/@@download/ENCFF366UJP.bed.gz,peaks,1_2,ENCSR774RFN,1_2,2018-12-03,K562,ENSG00000114416,FXR1
ENCFF315HYU,FALSE,bed narrowPeak,GRCh38,2018-12-03,https://www.encodeproject.org/files/ENCFF315HYU/@@download/ENCFF315HYU.bed.gz,peaks,1_2,ENCSR224QWC,1_2,2018-12-03,K562,ENSG00000129245,FXR2
ENCFF112MVG,FALSE,bed narrowPeak,GRCh38,2018-12-03,https://www.encodeproject.org/files/ENCFF112MVG/@@download/ENCFF112MVG.bed.gz,peaks,1_2,ENCSR973HOJ,1_2,2018-12-03,HepG2,ENSG00000129245,FXR2
ENCFF899HHP,FALSE,bed narrowPeak,GRCh38,2018-12-03,https://www.encodeproject.org/files/ENCFF899HHP/@@download/ENCFF899HHP.bed.gz,peaks,1_2,ENCSR721HPX,1_2,2018-12-03,HepG2,ENSG00000145907,G3BP1
ENCFF050VVI,FALSE,bed narrowPeak,GRCh38,2018-12-03,https://www.encodeproject.org/files/ENCFF050VVI/@@download/ENCFF050VVI.bed.gz,peaks,1_2,ENCSR238CLX,1_2,2018-12-03,K562,ENSG00000082516,GEMIN5
ENCFF048RLZ,FALSE,bed narrowPeak,GRCh38,2018-12-03,https://www.encodeproject.org/files/ENCFF048RLZ/@@download/ENCFF048RLZ.bed.gz,peaks,1_2,ENCSR301UQM,1_2,2018-12-03,K562,ENSG00000163938,GNL3
ENCFF674BUM,FALSE,bed narrowPeak,GRCh38,2018-12-03,https://www.encodeproject.org/files/ENCFF674BUM/@@download/ENCFF674BUM.bed.gz,peaks,1_2,ENCSR647CLF,1_2,2018-12-03,K562,ENSG00000068394,GPKOW
ENCFF929AWR,FALSE,bed narrowPeak,GRCh38,2018-12-03,https://www.encodeproject.org/files/ENCFF929AWR/@@download/ENCFF929AWR.bed.gz,peaks,1_2,ENCSR668MJX,1_2,2018-12-03,HepG2,ENSG00000132463,GRSF1
ENCFF159MMZ,FALSE,bed narrowPeak,GRCh38,2018-12-03,https://www.encodeproject.org/files/ENCFF159MMZ/@@download/ENCFF159MMZ.bed.gz,peaks,1_2,ENCSR893NWB,1_2,2018-12-03,HepG2,ENSG00000105447,GRWD1
ENCFF327DLL,FALSE,bed narrowPeak,GRCh38,2018-12-03,https://www.encodeproject.org/files/ENCFF327DLL/@@download/ENCFF327DLL.bed.gz,peaks,1_2,ENCSR999YGP,1_2,2018-12-03,K562,ENSG00000105447,GRWD1
ENCFF278ZCU,FALSE,bed narrowPeak,GRCh38,2018-12-03,https://www.encodeproject.org/files/ENCFF278ZCU/@@download/ENCFF278ZCU.bed.gz,peaks,1_2,ENCSR736AAG,1_2,2018-12-03,K562,ENSG00000125651,GTF2F1
ENCFF002HYO,FALSE,bed narrowPeak,GRCh38,2018-12-03,https://www.encodeproject.org/files/ENCFF002HYO/@@download/ENCFF002HYO.bed.gz,peaks,1_2,ENCSR265ZIS,1_2,2018-12-03,HepG2,ENSG00000125651,GTF2F1
ENCFF048FDF,FALSE,bed narrowPeak,GRCh38,2018-12-03,https://www.encodeproject.org/files/ENCFF048FDF/@@download/ENCFF048FDF.bed.gz,peaks,1_2,ENCSR647HOX,1_2,2018-12-03,HepG2,ENSG00000071794,HLTF
ENCFF406MSI,FALSE,bed narrowPeak,GRCh38,2018-12-03,https://www.encodeproject.org/files/ENCFF406MSI/@@download/ENCFF406MSI.bed.gz,peaks,1_2,ENCSR589YHM,1_2,2018-12-03,K562,ENSG00000071794,HLTF
ENCFF797GSK,FALSE,bed narrowPeak,GRCh38,2018-12-03,https://www.encodeproject.org/files/ENCFF797GSK/@@download/ENCFF797GSK.bed.gz,peaks,1_2,ENCSR769UEW,1_2,2018-12-03,HepG2,ENSG00000135486,HNRNPA1
ENCFF392AEV,FALSE,bed narrowPeak,GRCh38,2018-12-03,https://www.encodeproject.org/files/ENCFF392AEV/@@download/ENCFF392AEV.bed.gz,peaks,1_2,ENCSR154HRN,1_2,2018-12-03,K562,ENSG00000135486,HNRNPA1
ENCFF440ROZ,FALSE,bed narrowPeak,GRCh38,2018-12-03,https://www.encodeproject.org/files/ENCFF440ROZ/@@download/ENCFF440ROZ.bed.gz,peaks,1_2,ENCSR550DVK,1_2,2018-12-03,HepG2,ENSG00000092199,HNRNPC
ENCFF167CDB,FALSE,bed narrowPeak,GRCh38,2018-12-03,https://www.encodeproject.org/files/ENCFF167CDB/@@download/ENCFF167CDB.bed.gz,peaks,1_2,ENCSR249ROI,1_2,2018-12-03,K562,ENSG00000092199,HNRNPC
ENCFF855CPQ,FALSE,bed narrowPeak,GRCh38,2018-12-03,https://www.encodeproject.org/files/ENCFF855CPQ/@@download/ENCFF855CPQ.bed.gz,peaks,1_2,ENCSR828ZID,1_2,2018-12-03,HepG2,ENSG00000165119,HNRNPK
ENCFF918XJQ,FALSE,bed narrowPeak,GRCh38,2018-12-03,https://www.encodeproject.org/files/ENCFF918XJQ/@@download/ENCFF918XJQ.bed.gz,peaks,1_2,ENCSR268ETU,1_2,2018-12-03,K562,ENSG00000165119,HNRNPK
ENCFF266TKW,FALSE,bed narrowPeak,GRCh38,2018-12-03,https://www.encodeproject.org/files/ENCFF266TKW/@@download/ENCFF266TKW.bed.gz,peaks,1_2,ENCSR724RDN,1_2,2018-12-03,HepG2,ENSG00000104824,HNRNPL
ENCFF917CBK,FALSE,bed narrowPeak,GRCh38,2018-12-03,https://www.encodeproject.org/files/ENCFF917CBK/@@download/ENCFF917CBK.bed.gz,peaks,1_2,ENCSR795CAI,1_2,2018-12-03,K562,ENSG00000104824,HNRNPL
ENCFF752JNY,FALSE,bed narrowPeak,GRCh38,2018-12-03,https://www.encodeproject.org/files/ENCFF752JNY/@@download/ENCFF752JNY.bed.gz,peaks,1_2,ENCSR267UCX,1_2,2018-12-03,HepG2,ENSG00000099783,HNRNPM
ENCFF445ENC,FALSE,bed narrowPeak,GRCh38,2018-12-03,https://www.encodeproject.org/files/ENCFF445ENC/@@download/ENCFF445ENC.bed.gz,peaks,1_2,ENCSR412NOW,1_2,2018-12-03,K562,ENSG00000099783,HNRNPM
ENCFF039XQD,FALSE,bed narrowPeak,GRCh38,2018-12-03,https://www.encodeproject.org/files/ENCFF039XQD/@@download/ENCFF039XQD.bed.gz,peaks,1_2,ENCSR240MVJ,1_2,2018-12-03,HepG2,ENSG00000153187,HNRNPU
ENCFF241DVU,FALSE,bed narrowPeak,GRCh38,2018-12-03,https://www.encodeproject.org/files/ENCFF241DVU/@@download/ENCFF241DVU.bed.gz,peaks,1_2,ENCSR520BZQ,1_2,2018-12-03,K562,ENSG00000153187,HNRNPU
ENCFF610JVZ,FALSE,bed narrowPeak,GRCh38,2018-12-03,https://www.encodeproject.org/files/ENCFF610JVZ/@@download/ENCFF610JVZ.bed.gz,peaks,1_2,ENCSR755TJC,1_2,2018-12-03,HepG2,ENSG00000105323,HNRNPUL1
ENCFF889AWX,FALSE,bed narrowPeak,GRCh38,2018-12-03,https://www.encodeproject.org/files/ENCFF889AWX/@@download/ENCFF889AWX.bed.gz,peaks,1_2,ENCSR571VHI,1_2,2018-12-03,K562,ENSG00000105323,HNRNPUL1
ENCFF442USD,FALSE,bed narrowPeak,GRCh38,2018-12-03,https://www.encodeproject.org/files/ENCFF442USD/@@download/ENCFF442USD.bed.gz,peaks,1_2,ENCSR744GEU,1_2,2018-12-03,HepG2,ENSG00000159217,IGF2BP1
ENCFF650LMV,FALSE,bed narrowPeak,GRCh38,2018-12-03,https://www.encodeproject.org/files/ENCFF650LMV/@@download/ENCFF650LMV.bed.gz,peaks,1_2,ENCSR975KIR,1_2,2018-12-03,K562,ENSG00000159217,IGF2BP1
ENCFF524ZZB,FALSE,bed narrowPeak,GRCh38,2018-12-03,https://www.encodeproject.org/files/ENCFF524ZZB/@@download/ENCFF524ZZB.bed.gz,peaks,1_2,ENCSR062NNB,1_2,2018-12-03,K562,ENSG00000073792,IGF2BP2
ENCFF886SDQ,FALSE,bed narrowPeak,GRCh38,2018-12-03,https://www.encodeproject.org/files/ENCFF886SDQ/@@download/ENCFF886SDQ.bed.gz,peaks,1_2,ENCSR993OLA,1_2,2018-12-03,HepG2,ENSG00000136231,IGF2BP3
ENCFF385MJU,FALSE,bed narrowPeak,GRCh38,2018-12-03,https://www.encodeproject.org/files/ENCFF385MJU/@@download/ENCFF385MJU.bed.gz,peaks,1_2,ENCSR438KWZ,1_2,2018-12-03,K562,ENSG00000129351,ILF3
ENCFF071QDP,FALSE,bed narrowPeak,GRCh38,2018-12-03,https://www.encodeproject.org/files/ENCFF071QDP/@@download/ENCFF071QDP.bed.gz,peaks,1_2,ENCSR786TSC,1_2,2018-12-03,HepG2,ENSG00000129351,ILF3
ENCFF027UTH,FALSE,bed narrowPeak,GRCh38,2018-12-03,https://www.encodeproject.org/files/ENCFF027UTH/@@download/ENCFF027UTH.bed.gz,peaks,1_2,ENCSR628IDK,1_2,2018-12-03,K562,ENSG00000121774,KHDRBS1
ENCFF771QAU,FALSE,bed narrowPeak,GRCh38,2018-12-03,https://www.encodeproject.org/files/ENCFF771QAU/@@download/ENCFF771QAU.bed.gz,peaks,1_2,ENCSR366DGX,1_2,2018-12-03,HepG2,ENSG00000088247,KHSRP
ENCFF031FMO,FALSE,bed narrowPeak,GRCh38,2018-12-03,https://www.encodeproject.org/files/ENCFF031FMO/@@download/ENCFF031FMO.bed.gz,peaks,1_2,ENCSR438GZQ,1_2,2018-12-03,K562,ENSG00000088247,KHSRP
ENCFF534JCV,FALSE,bed narrowPeak,GRCh38,2018-12-03,https://www.encodeproject.org/files/ENCFF534JCV/@@download/ENCFF534JCV.bed.gz,peaks,1_2,ENCSR805SRN,1_2,2018-12-03,HepG2,ENSG00000161813,LARP4
ENCFF947CIN,FALSE,bed narrowPeak,GRCh38,2018-12-03,https://www.encodeproject.org/files/ENCFF947CIN/@@download/ENCFF947CIN.bed.gz,peaks,1_2,ENCSR888YTT,1_2,2018-12-03,K562,ENSG00000161813,LARP4
ENCFF307MDW,FALSE,bed narrowPeak,GRCh38,2018-12-03,https://www.encodeproject.org/files/ENCFF307MDW/@@download/ENCFF307MDW.bed.gz,peaks,1_2,ENCSR961OKA,1_2,2018-12-03,HepG2,ENSG00000174720,LARP7
ENCFF809CKN,FALSE,bed narrowPeak,GRCh38,2018-12-03,https://www.encodeproject.org/files/ENCFF809CKN/@@download/ENCFF809CKN.bed.gz,peaks,1_2,ENCSR456KXI,1_2,2018-12-03,K562,ENSG00000174720,LARP7
ENCFF061XNA,FALSE,bed narrowPeak,GRCh38,2018-12-03,https://www.encodeproject.org/files/ENCFF061XNA/@@download/ENCFF061XNA.bed.gz,peaks,1_2,ENCSR970NKP,1_2,2018-12-03,K562,ENSG00000187772,LIN28B
ENCFF341XMP,FALSE,bed narrowPeak,GRCh38,2018-12-03,https://www.encodeproject.org/files/ENCFF341XMP/@@download/ENCFF341XMP.bed.gz,peaks,1_2,ENCSR861GYE,1_2,2018-12-03,HepG2,ENSG00000187772,LIN28B
ENCFF985ECA,FALSE,bed narrowPeak,GRCh38,2018-12-03,https://www.encodeproject.org/files/ENCFF985ECA/@@download/ENCFF985ECA.bed.gz,peaks,1_2,ENCSR135VMS,1_2,2018-12-03,HepG2,ENSG00000155858,LSM11
ENCFF858EHN,FALSE,bed narrowPeak,GRCh38,2018-12-03,https://www.encodeproject.org/files/ENCFF858EHN/@@download/ENCFF858EHN.bed.gz,peaks,1_2,ENCSR022BVV,1_2,2018-12-03,K562,ENSG00000155858,LSM11
ENCFF587KKM,FALSE,bed narrowPeak,GRCh38,2018-12-03,https://www.encodeproject.org/files/ENCFF587KKM/@@download/ENCFF587KKM.bed.gz,peaks,1_2,ENCSR290VLT,1_2,2018-12-03,HepG2,ENSG00000015479,MATR3
ENCFF246EPM,FALSE,bed narrowPeak,GRCh38,2018-12-03,https://www.encodeproject.org/files/ENCFF246EPM/@@download/ENCFF246EPM.bed.gz,peaks,1_2,ENCSR440SUX,1_2,2018-12-03,K562,ENSG00000015479,MATR3
ENCFF644LPB,FALSE,bed narrowPeak,GRCh38,2018-12-03,https://www.encodeproject.org/files/ENCFF644LPB/@@download/ENCFF644LPB.bed.gz,peaks,1_2,ENCSR303OQD,1_2,2018-12-03,K562,ENSG00000111142,METAP2
ENCFF883KCN,FALSE,bed narrowPeak,GRCh38,2018-12-03,https://www.encodeproject.org/files/ENCFF883KCN/@@download/ENCFF883KCN.bed.gz,peaks,1_2,ENCSR200DKE,1_2,2018-12-03,K562,ENSG00000107951,MTPAP
ENCFF692RZM,FALSE,bed narrowPeak,GRCh38,2018-12-03,https://www.encodeproject.org/files/ENCFF692RZM/@@download/ENCFF692RZM.bed.gz,peaks,1_2,ENCSR018RVZ,1_2,2018-12-03,HepG2,ENSG00000114503,NCBP2
ENCFF886MLH,FALSE,bed narrowPeak,GRCh38,2018-12-03,https://www.encodeproject.org/files/ENCFF886MLH/@@download/ENCFF886MLH.bed.gz,peaks,1_2,ENCSR484LTQ,1_2,2018-12-03,K562,ENSG00000114503,NCBP2
ENCFF033MGP,FALSE,bed narrowPeak,GRCh38,2018-12-03,https://www.encodeproject.org/files/ENCFF033MGP/@@download/ENCFF033MGP.bed.gz,peaks,1_2,ENCSR361OCV,1_2,2018-12-03,HepG2,ENSG00000132603,NIP7
ENCFF554NIV,FALSE,bed narrowPeak,GRCh38,2018-12-03,https://www.encodeproject.org/files/ENCFF554NIV/@@download/ENCFF554NIV.bed.gz,peaks,1_2,ENCSR891RIC,1_2,2018-12-03,K562,ENSG00000164190,NIPBL
ENCFF045HSV,FALSE,bed narrowPeak,GRCh38,2018-12-03,https://www.encodeproject.org/files/ENCFF045HSV/@@download/ENCFF045HSV.bed.gz,peaks,1_2,ENCSR277DEO,1_2,2018-12-03,HepG2,ENSG00000186416,NKRF
ENCFF914WFQ,FALSE,bed narrowPeak,GRCh38,2018-12-03,https://www.encodeproject.org/files/ENCFF914WFQ/@@download/ENCFF914WFQ.bed.gz,peaks,1_2,ENCSR820DQJ,1_2,2018-12-03,HepG2,ENSG00000100101,RP1-37E16.12
ENCFF137YFD,FALSE,bed narrowPeak,GRCh38,2018-12-03,https://www.encodeproject.org/files/ENCFF137YFD/@@download/ENCFF137YFD.bed.gz,peaks,1_2,ENCSR194HZU,1_2,2018-12-03,HepG2,ENSG00000166197,NOLC1
ENCFF327YTD,FALSE,bed narrowPeak,GRCh38,2018-12-03,https://www.encodeproject.org/files/ENCFF327YTD/@@download/ENCFF327YTD.bed.gz,peaks,1_2,ENCSR001VAC,1_2,2018-12-03,K562,ENSG00000166197,NOLC1
ENCFF730QRI,FALSE,bed narrowPeak,GRCh38,2018-12-03,https://www.encodeproject.org/files/ENCFF730QRI/@@download/ENCFF730QRI.bed.gz,peaks,1_2,ENCSR861PAR,1_2,2018-12-03,K562,ENSG00000147140,NONO
ENCFF154AYH,FALSE,bed narrowPeak,GRCh38,2018-12-03,https://www.encodeproject.org/files/ENCFF154AYH/@@download/ENCFF154AYH.bed.gz,peaks,1_2,ENCSR867DSZ,1_2,2018-12-03,K562,ENSG00000181163,NPM1
ENCFF233PRB,FALSE,bed narrowPeak,GRCh38,2018-12-03,https://www.encodeproject.org/files/ENCFF233PRB/@@download/ENCFF233PRB.bed.gz,peaks,1_2,ENCSR081JYH,1_2,2018-12-03,K562,ENSG00000037474,NSUN2
ENCFF452MJL,FALSE,bed narrowPeak,GRCh38,2018-12-03,https://www.encodeproject.org/files/ENCFF452MJL/@@download/ENCFF452MJL.bed.gz,peaks,1_2,ENCSR958FKZ,1_2,2018-12-03,K562,ENSG00000090621,PABPC4
ENCFF709FEU,FALSE,bed narrowPeak,GRCh38,2018-12-03,https://www.encodeproject.org/files/ENCFF709FEU/@@download/ENCFF709FEU.bed.gz,peaks,1_2,ENCSR820UYE,1_2,2018-12-03,HepG2,ENSG00000100836,PABPN1
ENCFF098REE,FALSE,bed narrowPeak,GRCh38,2018-12-03,https://www.encodeproject.org/files/ENCFF098REE/@@download/ENCFF098REE.bed.gz,peaks,1_2,ENCSR256CHX,1_2,2018-12-03,HepG2,ENSG00000169564,PCBP1
ENCFF900IOH,FALSE,bed narrowPeak,GRCh38,2018-12-03,https://www.encodeproject.org/files/ENCFF900IOH/@@download/ENCFF900IOH.bed.gz,peaks,1_2,ENCSR922WJV,1_2,2018-12-03,K562,ENSG00000169564,PCBP1
ENCFF642GNE,FALSE,bed narrowPeak,GRCh38,2018-12-03,https://www.encodeproject.org/files/ENCFF642GNE/@@download/ENCFF642GNE.bed.gz,peaks,1_2,ENCSR339FUY,1_2,2018-12-03,HepG2,ENSG00000197111,PCBP2
ENCFF588ITW,FALSE,bed narrowPeak,GRCh38,2018-12-03,https://www.encodeproject.org/files/ENCFF588ITW/@@download/ENCFF588ITW.bed.gz,peaks,1_2,ENCSR001KKZ,1_2,2018-12-03,K562,ENSG00000156531,PHF6
ENCFF591BUK,FALSE,bed narrowPeak,GRCh38,2018-12-03,https://www.encodeproject.org/files/ENCFF591BUK/@@download/ENCFF591BUK.bed.gz,peaks,1_2,ENCSR820WHR,1_2,2018-12-03,HepG2,ENSG00000168002,POLR2G
ENCFF986XOC,FALSE,bed narrowPeak,GRCh38,2018-12-03,https://www.encodeproject.org/files/ENCFF986XOC/@@download/ENCFF986XOC.bed.gz,peaks,1_2,ENCSR097NEE,1_2,2018-12-03,HepG2,ENSG00000138398,PPIG
ENCFF559HGK,FALSE,bed narrowPeak,GRCh38,2018-12-03,https://www.encodeproject.org/files/ENCFF559HGK/@@download/ENCFF559HGK.bed.gz,peaks,1_2,ENCSR197INS,1_2,2018-12-03,K562,ENSG00000131013,PPIL4
ENCFF227EJF,FALSE,bed narrowPeak,GRCh38,2018-12-03,https://www.encodeproject.org/files/ENCFF227EJF/@@download/ENCFF227EJF.bed.gz,peaks,1_2,ENCSR977OXG,1_2,2018-12-03,HepG2,ENSG00000136875,PRPF4
ENCFF048YPA,FALSE,bed narrowPeak,GRCh38,2018-12-03,https://www.encodeproject.org/files/ENCFF048YPA/@@download/ENCFF048YPA.bed.gz,peaks,1_2,ENCSR121NVA,1_2,2018-12-03,HepG2,ENSG00000174231,PRPF8
ENCFF858UKE,FALSE,bed narrowPeak,GRCh38,2018-12-03,https://www.encodeproject.org/files/ENCFF858UKE/@@download/ENCFF858UKE.bed.gz,peaks,1_2,ENCSR534YOI,1_2,2018-12-03,K562,ENSG00000174231,PRPF8
ENCFF907HNN,FALSE,bed narrowPeak,GRCh38,2018-12-03,https://www.encodeproject.org/files/ENCFF907HNN/@@download/ENCFF907HNN.bed.gz,peaks,1_2,ENCSR981WKN,1_2,2018-12-03,K562,ENSG00000011304,PTBP1
ENCFF726SQU,FALSE,bed narrowPeak,GRCh38,2018-12-03,https://www.encodeproject.org/files/ENCFF726SQU/@@download/ENCFF726SQU.bed.gz,peaks,1_2,ENCSR384KAN,1_2,2018-12-03,HepG2,ENSG00000011304,PTBP1
ENCFF094MQV,FALSE,bed narrowPeak,GRCh38,2018-12-03,https://www.encodeproject.org/files/ENCFF094MQV/@@download/ENCFF094MQV.bed.gz,peaks,1_2,ENCSR308YNT,1_2,2018-12-03,K562,ENSG00000134644,PUM1
ENCFF880MWQ,FALSE,bed narrowPeak,GRCh38,2018-12-03,https://www.encodeproject.org/files/ENCFF880MWQ/@@download/ENCFF880MWQ.bed.gz,peaks,1_2,ENCSR661ICQ,1_2,2018-12-03,K562,ENSG00000055917,PUM2
ENCFF247NXL,FALSE,bed narrowPeak,GRCh38,2018-12-03,https://www.encodeproject.org/files/ENCFF247NXL/@@download/ENCFF247NXL.bed.gz,peaks,1_2,ENCSR291XPT,1_2,2018-12-03,K562,ENSG00000177192,PUS1
ENCFF704OCI,FALSE,bed narrowPeak,GRCh38,2018-12-03,https://www.encodeproject.org/files/ENCFF704OCI/@@download/ENCFF704OCI.bed.gz,peaks,1_2,ENCSR570WLM,1_2,2018-12-03,HepG2,ENSG00000112531,QKI
ENCFF786UOW,FALSE,bed narrowPeak,GRCh38,2018-12-03,https://www.encodeproject.org/files/ENCFF786UOW/@@download/ENCFF786UOW.bed.gz,peaks,1_2,ENCSR366YOG,1_2,2018-12-03,K562,ENSG00000112531,QKI
ENCFF871NYM,FALSE,bed narrowPeak,GRCh38,2018-12-03,https://www.encodeproject.org/files/ENCFF871NYM/@@download/ENCFF871NYM.bed.gz,peaks,1_2,ENCSR987FTF,1_2,2018-12-03,HepG2,ENSG00000100320,RBFOX2
ENCFF206RIM,FALSE,bed narrowPeak,GRCh38,2018-12-03,https://www.encodeproject.org/files/ENCFF206RIM/@@download/ENCFF206RIM.bed.gz,peaks,1_2,ENCSR756CKJ,1_2,2018-12-03,K562,ENSG00000100320,RBFOX2
ENCFF054VLU,FALSE,bed narrowPeak,GRCh38,2018-12-03,https://www.encodeproject.org/files/ENCFF054VLU/@@download/ENCFF054VLU.bed.gz,peaks,1_2,ENCSR754NDA,1_2,2018-12-03,HepG2,ENSG00000162775,RBM15
ENCFF597MMG,FALSE,bed narrowPeak,GRCh38,2018-12-03,https://www.encodeproject.org/files/ENCFF597MMG/@@download/ENCFF597MMG.bed.gz,peaks,1_2,ENCSR196INN,1_2,2018-12-03,K562,ENSG00000162775,RBM15
ENCFF972ZMJ,FALSE,bed narrowPeak,GRCh38,2018-12-03,https://www.encodeproject.org/files/ENCFF972ZMJ/@@download/ENCFF972ZMJ.bed.gz,peaks,1_2,ENCSR295OKT,1_2,2018-12-03,K562,ENSG00000086589,RBM22
ENCFF293IZG,FALSE,bed narrowPeak,GRCh38,2018-12-03,https://www.encodeproject.org/files/ENCFF293IZG/@@download/ENCFF293IZG.bed.gz,peaks,1_2,ENCSR456JJQ,1_2,2018-12-03,HepG2,ENSG00000086589,RBM22
ENCFF927KRA,FALSE,bed narrowPeak,GRCh38,2018-12-03,https://www.encodeproject.org/files/ENCFF927KRA/@@download/ENCFF927KRA.bed.gz,peaks,1_2,ENCSR489ABS,1_2,2018-12-03,HepG2,ENSG00000003756,RBM5
ENCFF313WDF,FALSE,bed narrowPeak,GRCh38,2018-12-03,https://www.encodeproject.org/files/ENCFF313WDF/@@download/ENCFF313WDF.bed.gz,peaks,1_2,ENCSR269AJF,1_2,2018-12-03,K562,ENSG00000142534,RPS11
ENCFF301IJW,FALSE,bed narrowPeak,GRCh38,2018-12-03,https://www.encodeproject.org/files/ENCFF301IJW/@@download/ENCFF301IJW.bed.gz,peaks,1_2,ENCSR766FAC,1_2,2018-12-03,HepG2,ENSG00000149273,RPS3
ENCFF530HTL,FALSE,bed narrowPeak,GRCh38,2018-12-03,https://www.encodeproject.org/files/ENCFF530HTL/@@download/ENCFF530HTL.bed.gz,peaks,1_2,ENCSR120EAR,1_2,2018-12-03,K562,ENSG00000149273,RPS3
ENCFF232WUE,FALSE,bed narrowPeak,GRCh38,2018-12-03,https://www.encodeproject.org/files/ENCFF232WUE/@@download/ENCFF232WUE.bed.gz,peaks,1_2,ENCSR337XGI,1_2,2018-12-03,HepG2,ENSG00000160633,SAFB
ENCFF953WTP,FALSE,bed narrowPeak,GRCh38,2018-12-03,https://www.encodeproject.org/files/ENCFF953WTP/@@download/ENCFF953WTP.bed.gz,peaks,1_2,ENCSR484LAB,1_2,2018-12-03,K562,ENSG00000160633,SAFB
ENCFF594EDV,FALSE,bed narrowPeak,GRCh38,2018-12-03,https://www.encodeproject.org/files/ENCFF594EDV/@@download/ENCFF594EDV.bed.gz,peaks,1_2,ENCSR943MHU,1_2,2018-12-03,K562,ENSG00000130254,SAFB2
ENCFF051EEW,FALSE,bed narrowPeak,GRCh38,2018-12-03,https://www.encodeproject.org/files/ENCFF051EEW/@@download/ENCFF051EEW.bed.gz,peaks,1_2,ENCSR059CWF,1_2,2018-12-03,K562,ENSG00000126524,SBDS
ENCFF825UVD,FALSE,bed narrowPeak,GRCh38,2018-12-03,https://www.encodeproject.org/files/ENCFF825UVD/@@download/ENCFF825UVD.bed.gz,peaks,1_2,ENCSR050BDZ,1_2,2018-12-03,HepG2,ENSG00000198301,SDAD1
ENCFF114EUH,FALSE,bed narrowPeak,GRCh38,2018-12-03,https://www.encodeproject.org/files/ENCFF114EUH/@@download/ENCFF114EUH.bed.gz,peaks,1_2,ENCSR906ZJF,1_2,2018-12-03,K562,ENSG00000198301,SDAD1
ENCFF295HRZ,FALSE,bed narrowPeak,GRCh38,2018-12-03,https://www.encodeproject.org/files/ENCFF295HRZ/@@download/ENCFF295HRZ.bed.gz,peaks,1_2,ENCSR121GQH,1_2,2018-12-03,K562,ENSG00000142864,SERBP1
ENCFF950VZO,FALSE,bed narrowPeak,GRCh38,2018-12-03,https://www.encodeproject.org/files/ENCFF950VZO/@@download/ENCFF950VZO.bed.gz,peaks,1_2,ENCSR331MIC,1_2,2018-12-03,HepG2,ENSG00000183431,SF3A3
ENCFF887ARJ,FALSE,bed narrowPeak,GRCh38,2018-12-03,https://www.encodeproject.org/files/ENCFF887ARJ/@@download/ENCFF887ARJ.bed.gz,peaks,1_2,ENCSR133QEA,1_2,2018-12-03,K562,ENSG00000115524,SF3B1
ENCFF073IJF,FALSE,bed narrowPeak,GRCh38,2018-12-03,https://www.encodeproject.org/files/ENCFF073IJF/@@download/ENCFF073IJF.bed.gz,peaks,1_2,ENCSR279UJF,1_2,2018-12-03,HepG2,ENSG00000143368,SF3B4
ENCFF649GEE,FALSE,bed narrowPeak,GRCh38,2018-12-03,https://www.encodeproject.org/files/ENCFF649GEE/@@download/ENCFF649GEE.bed.gz,peaks,1_2,ENCSR267OLV,1_2,2018-12-03,K562,ENSG00000143368,SF3B4
ENCFF139NXB,FALSE,bed narrowPeak,GRCh38,2018-12-03,https://www.encodeproject.org/files/ENCFF139NXB/@@download/ENCFF139NXB.bed.gz,peaks,1_2,ENCSR965DLL,1_2,2018-12-03,HepG2,ENSG00000116560,SFPQ
ENCFF623WGE,FALSE,bed narrowPeak,GRCh38,2018-12-03,https://www.encodeproject.org/files/ENCFF623WGE/@@download/ENCFF623WGE.bed.gz,peaks,1_2,ENCSR483NOP,1_2,2018-12-03,K562,ENSG00000163950,SLBP
ENCFF121RVH,FALSE,bed narrowPeak,GRCh38,2018-12-03,https://www.encodeproject.org/files/ENCFF121RVH/@@download/ENCFF121RVH.bed.gz,peaks,1_2,ENCSR351PVI,1_2,2018-12-03,HepG2,ENSG00000137776,SLTM
ENCFF696QWE,FALSE,bed narrowPeak,GRCh38,2018-12-03,https://www.encodeproject.org/files/ENCFF696QWE/@@download/ENCFF696QWE.bed.gz,peaks,1_2,ENCSR000SSH,1_2,2018-12-03,K562,ENSG00000137776,SLTM
ENCFF736RYV,FALSE,bed narrowPeak,GRCh38,2018-12-03,https://www.encodeproject.org/files/ENCFF736RYV/@@download/ENCFF736RYV.bed.gz,peaks,1_2,ENCSR373ODC,1_2,2018-12-03,HepG2,ENSG00000119953,SMNDC1
ENCFF943XOU,FALSE,bed narrowPeak,GRCh38,2018-12-03,https://www.encodeproject.org/files/ENCFF943XOU/@@download/ENCFF943XOU.bed.gz,peaks,1_2,ENCSR658IQB,1_2,2018-12-03,K562,ENSG00000119953,SMNDC1
ENCFF609LWQ,FALSE,bed narrowPeak,GRCh38,2018-12-03,https://www.encodeproject.org/files/ENCFF609LWQ/@@download/ENCFF609LWQ.bed.gz,peaks,1_2,ENCSR061EVO,1_2,2018-12-03,HepG2,ENSG00000197157,SND1
ENCFF211TRO,FALSE,bed narrowPeak,GRCh38,2018-12-03,https://www.encodeproject.org/files/ENCFF211TRO/@@download/ENCFF211TRO.bed.gz,peaks,1_2,ENCSR128VXC,1_2,2018-12-03,K562,ENSG00000197157,SND1
ENCFF934ANS,FALSE,bed narrowPeak,GRCh38,2018-12-03,https://www.encodeproject.org/files/ENCFF934ANS/@@download/ENCFF934ANS.bed.gz,peaks,1_2,ENCSR989VIY,1_2,2018-12-03,HepG2,ENSG00000136450,SRSF1
ENCFF886XUO,FALSE,bed narrowPeak,GRCh38,2018-12-03,https://www.encodeproject.org/files/ENCFF886XUO/@@download/ENCFF886XUO.bed.gz,peaks,1_2,ENCSR432XUP,1_2,2018-12-03,K562,ENSG00000136450,SRSF1
ENCFF317HGW,FALSE,bed narrowPeak,GRCh38,2018-12-03,https://www.encodeproject.org/files/ENCFF317HGW/@@download/ENCFF317HGW.bed.gz,peaks,1_2,ENCSR513NDD,1_2,2018-12-03,HepG2,ENSG00000115875,SRSF7
ENCFF780OCY,FALSE,bed narrowPeak,GRCh38,2018-12-03,https://www.encodeproject.org/files/ENCFF780OCY/@@download/ENCFF780OCY.bed.gz,peaks,1_2,ENCSR468FSW,1_2,2018-12-03,K562,ENSG00000115875,SRSF7
ENCFF765PIF,FALSE,bed narrowPeak,GRCh38,2018-12-03,https://www.encodeproject.org/files/ENCFF765PIF/@@download/ENCFF765PIF.bed.gz,peaks,1_2,ENCSR773KRC,1_2,2018-12-03,HepG2,ENSG00000111786,SRSF9
ENCFF848JWA,FALSE,bed narrowPeak,GRCh38,2018-12-03,https://www.encodeproject.org/files/ENCFF848JWA/@@download/ENCFF848JWA.bed.gz,peaks,1_2,ENCSR352STY,1_2,2018-12-03,HepG2,ENSG00000138385,SSB
ENCFF328KJW,FALSE,bed narrowPeak,GRCh38,2018-12-03,https://www.encodeproject.org/files/ENCFF328KJW/@@download/ENCFF328KJW.bed.gz,peaks,1_2,ENCSR356MSW,1_2,2018-12-03,K562,ENSG00000138385,SSB
ENCFF678FCX,FALSE,bed narrowPeak,GRCh38,2018-12-03,https://www.encodeproject.org/files/ENCFF678FCX/@@download/ENCFF678FCX.bed.gz,peaks,1_2,ENCSR979EWD,1_2,2018-12-03,HepG2,ENSG00000040341,STAU2
ENCFF335JTC,FALSE,bed narrowPeak,GRCh38,2018-12-03,https://www.encodeproject.org/files/ENCFF335JTC/@@download/ENCFF335JTC.bed.gz,peaks,1_2,ENCSR406OOZ,1_2,2018-12-03,HepG2,ENSG00000113387,SUB1
ENCFF191XRG,FALSE,bed narrowPeak,GRCh38,2018-12-03,https://www.encodeproject.org/files/ENCFF191XRG/@@download/ENCFF191XRG.bed.gz,peaks,1_2,ENCSR506UPY,1_2,2018-12-03,HepG2,ENSG00000064607,SUGP2
ENCFF239GPP,FALSE,bed narrowPeak,GRCh38,2018-12-03,https://www.encodeproject.org/files/ENCFF239GPP/@@download/ENCFF239GPP.bed.gz,peaks,1_2,ENCSR580OFI,1_2,2018-12-03,K562,ENSG00000156502,SUPV3L1
ENCFF999ZAW,FALSE,bed narrowPeak,GRCh38,2018-12-03,https://www.encodeproject.org/files/ENCFF999ZAW/@@download/ENCFF999ZAW.bed.gz,peaks,1_2,ENCSR580MFX,1_2,2018-12-03,HepG2,ENSG00000156502,SUPV3L1
ENCFF822NWY,FALSE,bed narrowPeak,GRCh38,2018-12-03,https://www.encodeproject.org/files/ENCFF822NWY/@@download/ENCFF822NWY.bed.gz,peaks,1_2,ENCSR568DZW,1_2,2018-12-03,K562,ENSG00000270647,TAF15
ENCFF566EAE,FALSE,bed narrowPeak,GRCh38,2018-12-03,https://www.encodeproject.org/files/ENCFF566EAE/@@download/ENCFF566EAE.bed.gz,peaks,1_2,ENCSR841EQA,1_2,2018-12-03,HepG2,ENSG00000270647,TAF15
ENCFF037TVC,FALSE,bed narrowPeak,GRCh38,2018-12-03,https://www.encodeproject.org/files/ENCFF037TVC/@@download/ENCFF037TVC.bed.gz,peaks,1_2,ENCSR584TCR,1_2,2018-12-03,K562,ENSG00000120948,TARDBP
ENCFF869RUC,FALSE,bed narrowPeak,GRCh38,2018-12-03,https://www.encodeproject.org/files/ENCFF869RUC/@@download/ENCFF869RUC.bed.gz,peaks,1_2,ENCSR916SRV,1_2,2018-12-03,HepG2,ENSG00000136270,TBRG4
ENCFF618WYU,FALSE,bed narrowPeak,GRCh38,2018-12-03,https://www.encodeproject.org/files/ENCFF618WYU/@@download/ENCFF618WYU.bed.gz,peaks,1_2,ENCSR506OTC,1_2,2018-12-03,K562,ENSG00000136270,TBRG4
ENCFF759KCD,FALSE,bed narrowPeak,GRCh38,2018-12-03,https://www.encodeproject.org/files/ENCFF759KCD/@@download/ENCFF759KCD.bed.gz,peaks,1_2,ENCSR623VEQ,1_2,2018-12-03,HepG2,ENSG00000116001,TIA1
ENCFF918KMT,FALSE,bed narrowPeak,GRCh38,2018-12-03,https://www.encodeproject.org/files/ENCFF918KMT/@@download/ENCFF918KMT.bed.gz,peaks,1_2,ENCSR057DWB,1_2,2018-12-03,K562,ENSG00000116001,TIA1
ENCFF612HOP,FALSE,bed narrowPeak,GRCh38,2018-12-03,https://www.encodeproject.org/files/ENCFF612HOP/@@download/ENCFF612HOP.bed.gz,peaks,1_2,ENCSR322HHA,1_2,2018-12-03,HepG2,ENSG00000151923,TIAL1
ENCFF766OCH,FALSE,bed narrowPeak,GRCh38,2018-12-03,https://www.encodeproject.org/files/ENCFF766OCH/@@download/ENCFF766OCH.bed.gz,peaks,1_2,ENCSR314UMJ,1_2,2018-12-03,HepG2,ENSG00000164548,TRA2A
ENCFF726PFJ,FALSE,bed narrowPeak,GRCh38,2018-12-03,https://www.encodeproject.org/files/ENCFF726PFJ/@@download/ENCFF726PFJ.bed.gz,peaks,1_2,ENCSR365NVO,1_2,2018-12-03,K562,ENSG00000164548,TRA2A
ENCFF611SOO,FALSE,bed narrowPeak,GRCh38,2018-12-03,https://www.encodeproject.org/files/ENCFF611SOO/@@download/ENCFF611SOO.bed.gz,peaks,1_2,ENCSR993FMY,1_2,2018-12-03,HepG2,ENSG00000116747,TROVE2
ENCFF794RJQ,FALSE,bed narrowPeak,GRCh38,2018-12-03,https://www.encodeproject.org/files/ENCFF794RJQ/@@download/ENCFF794RJQ.bed.gz,peaks,1_2,ENCSR539ZTS,1_2,2018-12-03,K562,ENSG00000116747,TROVE2
ENCFF056LEW,FALSE,bed narrowPeak,GRCh38,2018-12-03,https://www.encodeproject.org/files/ENCFF056LEW/@@download/ENCFF056LEW.bed.gz,peaks,1_2,ENCSR328LLU,1_2,2018-12-03,HepG2,ENSG00000160201,U2AF1
ENCFF640IHY,FALSE,bed narrowPeak,GRCh38,2018-12-03,https://www.encodeproject.org/files/ENCFF640IHY/@@download/ENCFF640IHY.bed.gz,peaks,1_2,ENCSR862QCH,1_2,2018-12-03,K562,ENSG00000160201,U2AF1
ENCFF721PWF,FALSE,bed narrowPeak,GRCh38,2018-12-03,https://www.encodeproject.org/files/ENCFF721PWF/@@download/ENCFF721PWF.bed.gz,peaks,1_2,ENCSR202BFN,1_2,2018-12-03,HepG2,ENSG00000063244,U2AF2
ENCFF290DFO,FALSE,bed narrowPeak,GRCh38,2018-12-03,https://www.encodeproject.org/files/ENCFF290DFO/@@download/ENCFF290DFO.bed.gz,peaks,1_2,ENCSR893RAV,1_2,2018-12-03,K562,ENSG00000063244,U2AF2
ENCFF573DXD,FALSE,bed narrowPeak,GRCh38,2018-12-03,https://www.encodeproject.org/files/ENCFF573DXD/@@download/ENCFF573DXD.bed.gz,peaks,1_2,ENCSR490IEE,1_2,2018-12-03,HepG2,ENSG00000116750,UCHL5
ENCFF365LFU,FALSE,bed narrowPeak,GRCh38,2018-12-03,https://www.encodeproject.org/files/ENCFF365LFU/@@download/ENCFF365LFU.bed.gz,peaks,1_2,ENCSR349KMG,1_2,2018-12-03,K562,ENSG00000116750,UCHL5
ENCFF687EQE,FALSE,bed narrowPeak,GRCh38,2018-12-03,https://www.encodeproject.org/files/ENCFF687EQE/@@download/ENCFF687EQE.bed.gz,peaks,1_2,ENCSR539BEV,1_2,2018-12-03,HepG2,ENSG00000005007,UPF1
ENCFF597NVR,FALSE,bed narrowPeak,GRCh38,2018-12-03,https://www.encodeproject.org/files/ENCFF597NVR/@@download/ENCFF597NVR.bed.gz,peaks,1_2,ENCSR456ASB,1_2,2018-12-03,K562,ENSG00000005007,UPF1
ENCFF644EIR,FALSE,bed narrowPeak,GRCh38,2018-12-03,https://www.encodeproject.org/files/ENCFF644EIR/@@download/ENCFF644EIR.bed.gz,peaks,1_2,ENCSR488JKQ,1_2,2018-12-03,HepG2,ENSG00000011260,UTP18
ENCFF783INO,FALSE,bed narrowPeak,GRCh38,2018-12-03,https://www.encodeproject.org/files/ENCFF783INO/@@download/ENCFF783INO.bed.gz,peaks,1_2,ENCSR964VOX,1_2,2018-12-03,K562,ENSG00000011260,UTP18
ENCFF028GAJ,FALSE,bed narrowPeak,GRCh38,2018-12-03,https://www.encodeproject.org/files/ENCFF028GAJ/@@download/ENCFF028GAJ.bed.gz,peaks,1_2,ENCSR734ZHL,1_2,2018-12-03,K562,ENSG00000132467,UTP3
ENCFF560RWD,FALSE,bed narrowPeak,GRCh38,2018-12-03,https://www.encodeproject.org/files/ENCFF560RWD/@@download/ENCFF560RWD.bed.gz,peaks,1_2,ENCSR202HKN,1_2,2018-12-03,K562,ENSG00000065183,WDR3
ENCFF945NFS,FALSE,bed narrowPeak,GRCh38,2018-12-03,https://www.encodeproject.org/files/ENCFF945NFS/@@download/ENCFF945NFS.bed.gz,peaks,1_2,ENCSR085JPB,1_2,2018-12-03,HepG2,ENSG00000163811,WDR43
ENCFF244JER,FALSE,bed narrowPeak,GRCh38,2018-12-03,https://www.encodeproject.org/files/ENCFF244JER/@@download/ENCFF244JER.bed.gz,peaks,1_2,ENCSR349CMI,1_2,2018-12-03,K562,ENSG00000163811,WDR43
ENCFF404HHM,FALSE,bed narrowPeak,GRCh38,2018-12-03,https://www.encodeproject.org/files/ENCFF404HHM/@@download/ENCFF404HHM.bed.gz,peaks,1_2,ENCSR038JME,1_2,2018-12-03,K562,ENSG00000165392,WRN
ENCFF327VCE,FALSE,bed narrowPeak,GRCh38,2018-12-03,https://www.encodeproject.org/files/ENCFF327VCE/@@download/ENCFF327VCE.bed.gz,peaks,1_2,ENCSR921SXC,1_2,2018-12-03,HepG2,ENSG00000124571,XPO5
ENCFF993VRZ,FALSE,bed narrowPeak,GRCh38,2018-12-03,https://www.encodeproject.org/files/ENCFF993VRZ/@@download/ENCFF993VRZ.bed.gz,peaks,1_2,ENCSR571ROL,1_2,2018-12-03,HepG2,ENSG00000196419,XRCC6
ENCFF958GMP,FALSE,bed narrowPeak,GRCh38,2018-12-03,https://www.encodeproject.org/files/ENCFF958GMP/@@download/ENCFF958GMP.bed.gz,peaks,1_2,ENCSR258QKO,1_2,2018-12-03,K562,ENSG00000196419,XRCC6
ENCFF321HPH,FALSE,bed narrowPeak,GRCh38,2018-12-03,https://www.encodeproject.org/files/ENCFF321HPH/@@download/ENCFF321HPH.bed.gz,peaks,1_2,ENCSR655NZA,1_2,2018-12-03,HepG2,ENSG00000088930,XRN2
ENCFF695OLO,FALSE,bed narrowPeak,GRCh38,2018-12-03,https://www.encodeproject.org/files/ENCFF695OLO/@@download/ENCFF695OLO.bed.gz,peaks,1_2,ENCSR657TZB,1_2,2018-12-03,K562,ENSG00000088930,XRN2
ENCFF185OEI,FALSE,bed narrowPeak,GRCh38,2018-12-03,https://www.encodeproject.org/files/ENCFF185OEI/@@download/ENCFF185OEI.bed.gz,peaks,1_2,ENCSR735HOK,1_2,2018-12-03,HepG2,ENSG00000060138,YBX3
ENCFF746XLE,FALSE,bed narrowPeak,GRCh38,2018-12-03,https://www.encodeproject.org/files/ENCFF746XLE/@@download/ENCFF746XLE.bed.gz,peaks,1_2,ENCSR529FKI,1_2,2018-12-03,K562,ENSG00000060138,YBX3
ENCFF932UXC,FALSE,bed narrowPeak,GRCh38,2018-12-03,https://www.encodeproject.org/files/ENCFF932UXC/@@download/ENCFF932UXC.bed.gz,peaks,1_2,ENCSR867ZVK,1_2,2018-12-03,K562,ENSG00000170027,YWHAG
ENCFF592WIH,FALSE,bed narrowPeak,GRCh38,2018-12-03,https://www.encodeproject.org/files/ENCFF592WIH/@@download/ENCFF592WIH.bed.gz,peaks,1_2,ENCSR907GUB,1_2,2018-12-03,HepG2,ENSG00000058673,ZC3H11A
ENCFF258HOX,FALSE,bed narrowPeak,GRCh38,2018-12-03,https://www.encodeproject.org/files/ENCFF258HOX/@@download/ENCFF258HOX.bed.gz,peaks,1_2,ENCSR712IAG,1_2,2018-12-03,K562,ENSG00000058673,ZC3H11A
ENCFF382URH,FALSE,bed narrowPeak,GRCh38,2018-12-03,https://www.encodeproject.org/files/ENCFF382URH/@@download/ENCFF382URH.bed.gz,peaks,1_2,ENCSR181NRW,1_2,2018-12-03,K562,ENSG00000144161,ZC3H8
ENCFF285IGP,FALSE,bed narrowPeak,GRCh38,2018-12-03,https://www.encodeproject.org/files/ENCFF285IGP/@@download/ENCFF285IGP.bed.gz,peaks,1_2,ENCSR657TZZ,1_2,2018-12-03,K562,ENSG00000173545,ZNF622
ENCFF343TCO,FALSE,bed narrowPeak,GRCh38,2018-12-03,https://www.encodeproject.org/files/ENCFF343TCO/@@download/ENCFF343TCO.bed.gz,peaks,1_2,ENCSR685AUR,1_2,2018-12-03,HepG2,ENSG00000048405,ZNF800
ENCFF105HMJ,FALSE,bed narrowPeak,GRCh38,2018-12-03,https://www.encodeproject.org/files/ENCFF105HMJ/@@download/ENCFF105HMJ.bed.gz,peaks,1_2,ENCSR586DGV,1_2,2018-12-03,K562,ENSG00000048405,ZNF800
ENCFF058OOW,FALSE,bed narrowPeak,GRCh38,2018-12-03,https://www.encodeproject.org/files/ENCFF058OOW/@@download/ENCFF058OOW.bed.gz,peaks,1_2,ENCSR663NRA,1_2,2018-12-03,K562,ENSG00000132485,ZRANB2
